Model,Train MAE,Train MSE,Train R²,Test MAE,Test MSE,Test R²
LinearRegression,5.692914701706575,84.21582917679042,0.4960360119786176,5.820128547448373,84.72310428839248,0.516696478008563
RandomForestRegressor,0.004465369748328744,0.0005319084977822172,0.9999968169555483,0.016205590496049162,0.009344479944831773,0.9999466943508922
SVR,1.6029352764955664,42.50538561262814,0.7456394616651192,1.687584734734212,42.49391277445629,0.757593186892877
XGBRegressor,0.10445215329430231,0.232064005454803,0.9986112836172436,0.12389964943767638,0.26821730295793217,0.9984699525794362
